지점,지점명,일시,기온(°C)
108,서울,2022-06-25 00:01,22.3
108,서울,2022-06-25 00:02,22.2
108,서울,2022-06-25 00:03,22.2
108,서울,2022-06-25 00:04,22.2
108,서울,2022-06-25 00:05,22.2
108,서울,2022-06-25 00:06,22.2
108,서울,2022-06-25 00:07,22.2
108,서울,2022-06-25 00:08,22.2
108,서울,2022-06-25 00:09,22.2
108,서울,2022-06-25 00:10,22.2
108,서울,2022-06-25 00:11,22.2
108,서울,2022-06-25 00:12,22.2
108,서울,2022-06-25 00:13,22.2
108,서울,2022-06-25 00:14,22.2
108,서울,2022-06-25 00:15,22.2
108,서울,2022-06-25 00:16,22.2
108,서울,2022-06-25 00:17,22.1
108,서울,2022-06-25 00:18,22.1
108,서울,2022-06-25 00:19,22.1
108,서울,2022-06-25 00:20,22.1
108,서울,2022-06-25 00:21,22.1
108,서울,2022-06-25 00:22,22.1
108,서울,2022-06-25 00:23,22.1
108,서울,2022-06-25 00:24,22.1
108,서울,2022-06-25 00:25,22.1
108,서울,2022-06-25 00:26,22.1
108,서울,2022-06-25 00:27,22.1
108,서울,2022-06-25 00:28,22
108,서울,2022-06-25 00:29,22
108,서울,2022-06-25 00:30,22
108,서울,2022-06-25 00:31,22
108,서울,2022-06-25 00:32,22
108,서울,2022-06-25 00:33,22
108,서울,2022-06-25 00:34,22
108,서울,2022-06-25 00:35,22
108,서울,2022-06-25 00:36,22
108,서울,2022-06-25 00:37,22
108,서울,2022-06-25 00:38,21.9
108,서울,2022-06-25 00:39,21.9
108,서울,2022-06-25 00:40,21.9
108,서울,2022-06-25 00:41,21.9
108,서울,2022-06-25 00:42,21.9
108,서울,2022-06-25 00:43,21.9
108,서울,2022-06-25 00:44,21.9
108,서울,2022-06-25 00:45,21.9
108,서울,2022-06-25 00:46,21.9
108,서울,2022-06-25 00:47,21.9
108,서울,2022-06-25 00:48,21.9
108,서울,2022-06-25 00:49,21.9
108,서울,2022-06-25 00:50,21.9
108,서울,2022-06-25 00:51,21.9
108,서울,2022-06-25 00:52,21.9
108,서울,2022-06-25 00:53,21.9
108,서울,2022-06-25 00:54,21.8
108,서울,2022-06-25 00:55,21.8
108,서울,2022-06-25 00:56,21.8
108,서울,2022-06-25 00:57,21.8
108,서울,2022-06-25 00:58,21.8
108,서울,2022-06-25 00:59,21.8
108,서울,2022-06-25 01:00,21.8
108,서울,2022-06-25 01:01,21.8
108,서울,2022-06-25 01:02,21.8
108,서울,2022-06-25 01:03,21.8
108,서울,2022-06-25 01:04,21.8
108,서울,2022-06-25 01:05,21.8
108,서울,2022-06-25 01:06,21.8
108,서울,2022-06-25 01:07,21.8
108,서울,2022-06-25 01:08,21.8
108,서울,2022-06-25 01:09,21.8
108,서울,2022-06-25 01:10,21.7
108,서울,2022-06-25 01:11,21.8
108,서울,2022-06-25 01:12,21.7
108,서울,2022-06-25 01:13,21.7
108,서울,2022-06-25 01:14,21.7
108,서울,2022-06-25 01:15,21.7
108,서울,2022-06-25 01:16,21.7
108,서울,2022-06-25 01:17,21.7
108,서울,2022-06-25 01:18,21.7
108,서울,2022-06-25 01:19,21.7
108,서울,2022-06-25 01:20,21.7
108,서울,2022-06-25 01:21,21.7
108,서울,2022-06-25 01:22,21.7
108,서울,2022-06-25 01:23,21.7
108,서울,2022-06-25 01:24,21.7
108,서울,2022-06-25 01:25,21.7
108,서울,2022-06-25 01:26,21.7
108,서울,2022-06-25 01:27,21.7
108,서울,2022-06-25 01:28,21.7
108,서울,2022-06-25 01:29,21.7
108,서울,2022-06-25 01:30,21.7
108,서울,2022-06-25 01:31,21.7
108,서울,2022-06-25 01:32,21.7
108,서울,2022-06-25 01:33,21.7
108,서울,2022-06-25 01:34,21.7
108,서울,2022-06-25 01:35,21.7
108,서울,2022-06-25 01:36,21.7
108,서울,2022-06-25 01:37,21.7
108,서울,2022-06-25 01:38,21.7
108,서울,2022-06-25 01:39,21.7
108,서울,2022-06-25 01:40,21.7
108,서울,2022-06-25 01:41,21.7
108,서울,2022-06-25 01:42,21.7
108,서울,2022-06-25 01:43,21.7
108,서울,2022-06-25 01:44,21.7
108,서울,2022-06-25 01:45,21.7
108,서울,2022-06-25 01:46,21.7
108,서울,2022-06-25 01:47,21.7
108,서울,2022-06-25 01:48,21.7
108,서울,2022-06-25 01:49,21.7
108,서울,2022-06-25 01:50,21.7
108,서울,2022-06-25 01:51,21.6
108,서울,2022-06-25 01:52,21.6
108,서울,2022-06-25 01:53,21.6
108,서울,2022-06-25 01:54,21.6
108,서울,2022-06-25 01:55,21.6
108,서울,2022-06-25 01:56,21.7
108,서울,2022-06-25 01:57,21.7
108,서울,2022-06-25 01:58,21.6
108,서울,2022-06-25 01:59,21.7
108,서울,2022-06-25 02:00,21.6
108,서울,2022-06-25 02:01,21.6
108,서울,2022-06-25 02:02,21.6
108,서울,2022-06-25 02:03,21.6
108,서울,2022-06-25 02:04,21.6
108,서울,2022-06-25 02:05,21.6
108,서울,2022-06-25 02:06,21.6
108,서울,2022-06-25 02:07,21.6
108,서울,2022-06-25 02:08,21.6
108,서울,2022-06-25 02:09,21.6
108,서울,2022-06-25 02:10,21.6
108,서울,2022-06-25 02:11,21.6
108,서울,2022-06-25 02:12,21.6
108,서울,2022-06-25 02:13,21.6
108,서울,2022-06-25 02:14,21.6
108,서울,2022-06-25 02:15,21.6
108,서울,2022-06-25 02:16,21.6
108,서울,2022-06-25 02:17,21.6
108,서울,2022-06-25 02:18,21.6
108,서울,2022-06-25 02:19,21.6
108,서울,2022-06-25 02:20,21.6
108,서울,2022-06-25 02:21,21.5
108,서울,2022-06-25 02:22,21.5
108,서울,2022-06-25 02:23,21.5
108,서울,2022-06-25 02:24,21.5
108,서울,2022-06-25 02:25,21.5
108,서울,2022-06-25 02:26,21.5
108,서울,2022-06-25 02:27,21.5
108,서울,2022-06-25 02:28,21.5
108,서울,2022-06-25 02:29,21.5
108,서울,2022-06-25 02:30,21.5
108,서울,2022-06-25 02:31,21.5
108,서울,2022-06-25 02:32,21.5
108,서울,2022-06-25 02:33,21.5
108,서울,2022-06-25 02:34,21.5
108,서울,2022-06-25 02:35,21.5
108,서울,2022-06-25 02:36,21.5
108,서울,2022-06-25 02:37,21.5
108,서울,2022-06-25 02:38,21.5
108,서울,2022-06-25 02:39,21.5
108,서울,2022-06-25 02:40,21.5
108,서울,2022-06-25 02:41,21.5
108,서울,2022-06-25 02:42,21.5
108,서울,2022-06-25 02:43,21.5
108,서울,2022-06-25 02:44,21.5
108,서울,2022-06-25 02:45,21.5
108,서울,2022-06-25 02:46,21.5
108,서울,2022-06-25 02:47,21.5
108,서울,2022-06-25 02:48,21.5
108,서울,2022-06-25 02:49,21.5
108,서울,2022-06-25 02:50,21.5
108,서울,2022-06-25 02:51,21.5
108,서울,2022-06-25 02:52,21.5
108,서울,2022-06-25 02:53,21.5
108,서울,2022-06-25 02:54,21.5
108,서울,2022-06-25 02:55,21.5
108,서울,2022-06-25 02:56,21.5
108,서울,2022-06-25 02:57,21.5
108,서울,2022-06-25 02:58,21.5
108,서울,2022-06-25 02:59,21.5
108,서울,2022-06-25 03:00,21.5
108,서울,2022-06-25 03:01,21.5
108,서울,2022-06-25 03:02,21.5
108,서울,2022-06-25 03:03,21.5
108,서울,2022-06-25 03:04,21.5
108,서울,2022-06-25 03:05,21.5
108,서울,2022-06-25 03:06,21.5
108,서울,2022-06-25 03:07,21.5
108,서울,2022-06-25 03:08,21.5
108,서울,2022-06-25 03:09,21.5
108,서울,2022-06-25 03:10,21.5
108,서울,2022-06-25 03:11,21.5
108,서울,2022-06-25 03:12,21.5
108,서울,2022-06-25 03:13,21.5
108,서울,2022-06-25 03:14,21.5
108,서울,2022-06-25 03:15,21.5
108,서울,2022-06-25 03:16,21.5
108,서울,2022-06-25 03:17,21.5
108,서울,2022-06-25 03:18,21.5
108,서울,2022-06-25 03:19,21.5
108,서울,2022-06-25 03:20,21.5
108,서울,2022-06-25 03:21,21.5
108,서울,2022-06-25 03:22,21.5
108,서울,2022-06-25 03:23,21.5
108,서울,2022-06-25 03:24,21.5
108,서울,2022-06-25 03:25,21.5
108,서울,2022-06-25 03:26,21.5
108,서울,2022-06-25 03:27,21.5
108,서울,2022-06-25 03:28,21.5
108,서울,2022-06-25 03:29,21.5
108,서울,2022-06-25 03:30,21.5
108,서울,2022-06-25 03:31,21.5
108,서울,2022-06-25 03:32,21.5
108,서울,2022-06-25 03:33,21.5
108,서울,2022-06-25 03:34,21.5
108,서울,2022-06-25 03:35,21.5
108,서울,2022-06-25 03:36,21.5
108,서울,2022-06-25 03:37,21.5
108,서울,2022-06-25 03:38,21.5
108,서울,2022-06-25 03:39,21.5
108,서울,2022-06-25 03:40,21.5
108,서울,2022-06-25 03:41,21.5
108,서울,2022-06-25 03:42,21.5
108,서울,2022-06-25 03:43,21.5
108,서울,2022-06-25 03:44,21.5
108,서울,2022-06-25 03:45,21.5
108,서울,2022-06-25 03:46,21.5
108,서울,2022-06-25 03:47,21.5
108,서울,2022-06-25 03:48,21.5
108,서울,2022-06-25 03:49,21.5
108,서울,2022-06-25 03:50,21.5
108,서울,2022-06-25 03:51,21.5
108,서울,2022-06-25 03:52,21.5
108,서울,2022-06-25 03:53,21.5
108,서울,2022-06-25 03:54,21.5
108,서울,2022-06-25 03:55,21.5
108,서울,2022-06-25 03:56,21.5
108,서울,2022-06-25 03:57,21.5
108,서울,2022-06-25 03:58,21.6
108,서울,2022-06-25 03:59,21.6
108,서울,2022-06-25 04:00,21.5
108,서울,2022-06-25 04:01,21.6
108,서울,2022-06-25 04:02,21.6
108,서울,2022-06-25 04:03,21.6
108,서울,2022-06-25 04:04,21.6
108,서울,2022-06-25 04:05,21.5
108,서울,2022-06-25 04:06,21.5
108,서울,2022-06-25 04:07,21.5
108,서울,2022-06-25 04:08,21.5
108,서울,2022-06-25 04:09,21.5
108,서울,2022-06-25 04:10,21.6
108,서울,2022-06-25 04:11,21.6
108,서울,2022-06-25 04:12,21.6
108,서울,2022-06-25 04:13,21.6
108,서울,2022-06-25 04:14,21.6
108,서울,2022-06-25 04:15,21.5
108,서울,2022-06-25 04:16,21.6
108,서울,2022-06-25 04:17,21.5
108,서울,2022-06-25 04:18,21.5
108,서울,2022-06-25 04:19,21.5
108,서울,2022-06-25 04:20,21.5
108,서울,2022-06-25 04:21,21.5
108,서울,2022-06-25 04:22,21.5
108,서울,2022-06-25 04:23,21.5
108,서울,2022-06-25 04:24,21.5
108,서울,2022-06-25 04:25,21.5
108,서울,2022-06-25 04:26,21.5
108,서울,2022-06-25 04:27,21.5
108,서울,2022-06-25 04:28,21.5
108,서울,2022-06-25 04:29,21.5
108,서울,2022-06-25 04:30,21.5
108,서울,2022-06-25 04:31,21.5
108,서울,2022-06-25 04:32,21.5
108,서울,2022-06-25 04:33,21.5
108,서울,2022-06-25 04:34,21.5
108,서울,2022-06-25 04:35,21.5
108,서울,2022-06-25 04:36,21.5
108,서울,2022-06-25 04:37,21.5
108,서울,2022-06-25 04:38,21.5
108,서울,2022-06-25 04:39,21.5
108,서울,2022-06-25 04:40,21.5
108,서울,2022-06-25 04:41,21.5
108,서울,2022-06-25 04:42,21.5
108,서울,2022-06-25 04:43,21.5
108,서울,2022-06-25 04:44,21.5
108,서울,2022-06-25 04:45,21.5
108,서울,2022-06-25 04:46,21.5
108,서울,2022-06-25 04:47,21.5
108,서울,2022-06-25 04:48,21.5
108,서울,2022-06-25 04:49,21.5
108,서울,2022-06-25 04:50,21.5
108,서울,2022-06-25 04:51,21.5
108,서울,2022-06-25 04:52,21.5
108,서울,2022-06-25 04:53,21.5
108,서울,2022-06-25 04:54,21.5
108,서울,2022-06-25 04:55,21.5
108,서울,2022-06-25 04:56,21.5
108,서울,2022-06-25 04:57,21.5
108,서울,2022-06-25 04:58,21.5
108,서울,2022-06-25 04:59,21.5
108,서울,2022-06-25 05:00,21.5
108,서울,2022-06-25 05:01,21.5
108,서울,2022-06-25 05:02,21.5
108,서울,2022-06-25 05:03,21.5
108,서울,2022-06-25 05:04,21.6
108,서울,2022-06-25 05:05,21.6
108,서울,2022-06-25 05:06,21.6
108,서울,2022-06-25 05:07,21.6
108,서울,2022-06-25 05:08,21.6
108,서울,2022-06-25 05:09,21.6
108,서울,2022-06-25 05:10,21.6
108,서울,2022-06-25 05:11,21.6
108,서울,2022-06-25 05:12,21.6
108,서울,2022-06-25 05:13,21.6
108,서울,2022-06-25 05:14,21.6
108,서울,2022-06-25 05:15,21.6
108,서울,2022-06-25 05:16,21.6
108,서울,2022-06-25 05:17,21.6
108,서울,2022-06-25 05:18,21.6
108,서울,2022-06-25 05:19,21.6
108,서울,2022-06-25 05:20,21.6
108,서울,2022-06-25 05:21,21.6
108,서울,2022-06-25 05:22,21.6
108,서울,2022-06-25 05:23,21.6
108,서울,2022-06-25 05:24,21.6
108,서울,2022-06-25 05:25,21.6
108,서울,2022-06-25 05:26,21.6
108,서울,2022-06-25 05:27,21.6
108,서울,2022-06-25 05:28,21.6
108,서울,2022-06-25 05:29,21.6
108,서울,2022-06-25 05:30,21.6
108,서울,2022-06-25 05:31,21.6
108,서울,2022-06-25 05:32,21.6
108,서울,2022-06-25 05:33,21.6
108,서울,2022-06-25 05:34,21.6
108,서울,2022-06-25 05:35,21.7
108,서울,2022-06-25 05:36,21.7
108,서울,2022-06-25 05:37,21.7
108,서울,2022-06-25 05:38,21.7
108,서울,2022-06-25 05:39,21.6
108,서울,2022-06-25 05:40,21.7
108,서울,2022-06-25 05:41,21.7
108,서울,2022-06-25 05:42,21.7
108,서울,2022-06-25 05:43,21.7
108,서울,2022-06-25 05:44,21.7
108,서울,2022-06-25 05:45,21.7
108,서울,2022-06-25 05:46,21.7
108,서울,2022-06-25 05:47,21.7
108,서울,2022-06-25 05:48,21.7
108,서울,2022-06-25 05:49,21.7
108,서울,2022-06-25 05:50,21.7
108,서울,2022-06-25 05:51,21.7
108,서울,2022-06-25 05:52,21.7
108,서울,2022-06-25 05:53,21.7
108,서울,2022-06-25 05:54,21.7
108,서울,2022-06-25 05:55,21.7
108,서울,2022-06-25 05:56,21.7
108,서울,2022-06-25 05:57,21.8
108,서울,2022-06-25 05:58,21.7
108,서울,2022-06-25 05:59,21.7
108,서울,2022-06-25 06:00,21.8
108,서울,2022-06-25 06:01,21.8
108,서울,2022-06-25 06:02,21.8
108,서울,2022-06-25 06:03,21.8
108,서울,2022-06-25 06:04,21.8
108,서울,2022-06-25 06:05,21.8
108,서울,2022-06-25 06:06,21.8
108,서울,2022-06-25 06:07,21.8
108,서울,2022-06-25 06:08,21.8
108,서울,2022-06-25 06:09,21.8
108,서울,2022-06-25 06:10,21.8
108,서울,2022-06-25 06:11,21.8
108,서울,2022-06-25 06:12,21.8
108,서울,2022-06-25 06:13,21.8
108,서울,2022-06-25 06:14,21.8
108,서울,2022-06-25 06:15,21.8
108,서울,2022-06-25 06:16,21.9
108,서울,2022-06-25 06:17,21.9
108,서울,2022-06-25 06:18,21.9
108,서울,2022-06-25 06:19,21.9
108,서울,2022-06-25 06:20,21.9
108,서울,2022-06-25 06:21,21.9
108,서울,2022-06-25 06:22,21.9
108,서울,2022-06-25 06:23,21.9
108,서울,2022-06-25 06:24,21.9
108,서울,2022-06-25 06:25,21.9
108,서울,2022-06-25 06:26,21.9
108,서울,2022-06-25 06:27,21.9
108,서울,2022-06-25 06:28,21.9
108,서울,2022-06-25 06:29,21.9
108,서울,2022-06-25 06:30,22
108,서울,2022-06-25 06:31,22
108,서울,2022-06-25 06:32,22
108,서울,2022-06-25 06:33,22
108,서울,2022-06-25 06:34,22
108,서울,2022-06-25 06:35,22
108,서울,2022-06-25 06:36,22
108,서울,2022-06-25 06:37,22
108,서울,2022-06-25 06:38,22
108,서울,2022-06-25 06:39,22
108,서울,2022-06-25 06:40,22
108,서울,2022-06-25 06:41,22
108,서울,2022-06-25 06:42,22
108,서울,2022-06-25 06:43,22
108,서울,2022-06-25 06:44,22.1
108,서울,2022-06-25 06:45,22.1
108,서울,2022-06-25 06:46,22.1
108,서울,2022-06-25 06:47,22.1
108,서울,2022-06-25 06:48,22.1
108,서울,2022-06-25 06:49,22.1
108,서울,2022-06-25 06:50,22.1
108,서울,2022-06-25 06:51,22.1
108,서울,2022-06-25 06:52,22.1
108,서울,2022-06-25 06:53,22.1
108,서울,2022-06-25 06:54,22.2
108,서울,2022-06-25 06:55,22.2
108,서울,2022-06-25 06:56,22.2
108,서울,2022-06-25 06:57,22.2
108,서울,2022-06-25 06:58,22.2
108,서울,2022-06-25 06:59,22.2
108,서울,2022-06-25 07:00,22.2
108,서울,2022-06-25 07:01,22.2
108,서울,2022-06-25 07:02,22.2
108,서울,2022-06-25 07:03,22.2
108,서울,2022-06-25 07:04,22.3
108,서울,2022-06-25 07:05,22.3
108,서울,2022-06-25 07:06,22.3
108,서울,2022-06-25 07:07,22.3
108,서울,2022-06-25 07:08,22.3
108,서울,2022-06-25 07:09,22.3
108,서울,2022-06-25 07:10,22.3
108,서울,2022-06-25 07:11,22.3
108,서울,2022-06-25 07:12,22.3
108,서울,2022-06-25 07:13,22.4
108,서울,2022-06-25 07:14,22.4
108,서울,2022-06-25 07:15,22.4
108,서울,2022-06-25 07:16,22.4
108,서울,2022-06-25 07:17,22.4
108,서울,2022-06-25 07:18,22.4
108,서울,2022-06-25 07:19,22.4
108,서울,2022-06-25 07:20,22.5
108,서울,2022-06-25 07:21,22.5
108,서울,2022-06-25 07:22,22.5
108,서울,2022-06-25 07:23,22.5
108,서울,2022-06-25 07:24,22.5
108,서울,2022-06-25 07:25,22.5
108,서울,2022-06-25 07:26,22.5
108,서울,2022-06-25 07:27,22.5
108,서울,2022-06-25 07:28,22.6
108,서울,2022-06-25 07:29,22.6
108,서울,2022-06-25 07:30,22.6
108,서울,2022-06-25 07:31,22.6
108,서울,2022-06-25 07:32,22.6
108,서울,2022-06-25 07:33,22.6
108,서울,2022-06-25 07:34,22.6
108,서울,2022-06-25 07:35,22.6
108,서울,2022-06-25 07:36,22.7
108,서울,2022-06-25 07:37,22.7
108,서울,2022-06-25 07:38,22.7
108,서울,2022-06-25 07:39,22.7
108,서울,2022-06-25 07:40,22.7
108,서울,2022-06-25 07:41,22.7
108,서울,2022-06-25 07:42,22.7
108,서울,2022-06-25 07:43,22.8
108,서울,2022-06-25 07:44,22.8
108,서울,2022-06-25 07:45,22.8
108,서울,2022-06-25 07:46,22.8
108,서울,2022-06-25 07:47,22.8
108,서울,2022-06-25 07:48,22.9
108,서울,2022-06-25 07:49,22.9
108,서울,2022-06-25 07:50,22.9
108,서울,2022-06-25 07:51,22.9
108,서울,2022-06-25 07:52,22.9
108,서울,2022-06-25 07:53,22.9
108,서울,2022-06-25 07:54,22.9
108,서울,2022-06-25 07:55,22.9
108,서울,2022-06-25 07:56,22.9
108,서울,2022-06-25 07:57,22.9
108,서울,2022-06-25 07:58,23
108,서울,2022-06-25 07:59,23
108,서울,2022-06-25 08:00,23
108,서울,2022-06-25 08:01,23
108,서울,2022-06-25 08:02,23
108,서울,2022-06-25 08:03,23
108,서울,2022-06-25 08:04,23.1
108,서울,2022-06-25 08:05,23.1
108,서울,2022-06-25 08:06,23.1
108,서울,2022-06-25 08:07,23.1
108,서울,2022-06-25 08:08,23.2
108,서울,2022-06-25 08:09,23.2
108,서울,2022-06-25 08:10,23.2
108,서울,2022-06-25 08:11,23.2
108,서울,2022-06-25 08:12,23.2
108,서울,2022-06-25 08:13,23.2
108,서울,2022-06-25 08:14,23.2
108,서울,2022-06-25 08:15,23.2
108,서울,2022-06-25 08:16,23.3
108,서울,2022-06-25 08:17,23.3
108,서울,2022-06-25 08:18,23.3
108,서울,2022-06-25 08:19,23.3
108,서울,2022-06-25 08:20,23.3
108,서울,2022-06-25 08:21,23.3
108,서울,2022-06-25 08:22,23.4
108,서울,2022-06-25 08:23,23.4
108,서울,2022-06-25 08:24,23.4
108,서울,2022-06-25 08:25,23.4
108,서울,2022-06-25 08:26,23.4
108,서울,2022-06-25 08:27,23.5
108,서울,2022-06-25 08:28,23.5
108,서울,2022-06-25 08:29,23.5
108,서울,2022-06-25 08:30,23.5
108,서울,2022-06-25 08:31,23.6
108,서울,2022-06-25 08:32,23.6
108,서울,2022-06-25 08:33,23.6
108,서울,2022-06-25 08:34,23.7
108,서울,2022-06-25 08:35,23.7
108,서울,2022-06-25 08:36,23.7
108,서울,2022-06-25 08:37,23.7
108,서울,2022-06-25 08:38,23.7
108,서울,2022-06-25 08:39,23.7
108,서울,2022-06-25 08:40,23.7
108,서울,2022-06-25 08:41,23.7
108,서울,2022-06-25 08:42,23.8
108,서울,2022-06-25 08:43,23.8
108,서울,2022-06-25 08:44,23.8
108,서울,2022-06-25 08:45,23.8
108,서울,2022-06-25 08:46,23.8
108,서울,2022-06-25 08:47,23.8
108,서울,2022-06-25 08:48,23.8
108,서울,2022-06-25 08:49,23.8
108,서울,2022-06-25 08:50,23.8
108,서울,2022-06-25 08:51,23.9
108,서울,2022-06-25 08:52,23.9
108,서울,2022-06-25 08:53,23.9
108,서울,2022-06-25 08:54,23.9
108,서울,2022-06-25 08:55,23.9
108,서울,2022-06-25 08:56,24
108,서울,2022-06-25 08:57,24
108,서울,2022-06-25 08:58,24
108,서울,2022-06-25 08:59,24
108,서울,2022-06-25 09:00,24.1
108,서울,2022-06-25 09:01,24.1
108,서울,2022-06-25 09:02,24.1
108,서울,2022-06-25 09:03,24.1
108,서울,2022-06-25 09:04,24.1
108,서울,2022-06-25 09:05,24.2
108,서울,2022-06-25 09:06,24.2
108,서울,2022-06-25 09:07,24.2
108,서울,2022-06-25 09:08,24.2
108,서울,2022-06-25 09:09,24.3
108,서울,2022-06-25 09:10,24.3
108,서울,2022-06-25 09:11,24.3
108,서울,2022-06-25 09:12,24.3
108,서울,2022-06-25 09:13,24.3
108,서울,2022-06-25 09:14,24.4
108,서울,2022-06-25 09:15,24.4
108,서울,2022-06-25 09:16,24.4
108,서울,2022-06-25 09:17,24.4
108,서울,2022-06-25 09:18,24.4
108,서울,2022-06-25 09:19,24.4
108,서울,2022-06-25 09:20,24.4
108,서울,2022-06-25 09:21,24.5
108,서울,2022-06-25 09:22,24.5
108,서울,2022-06-25 09:23,24.5
108,서울,2022-06-25 09:24,24.5
108,서울,2022-06-25 09:25,24.5
108,서울,2022-06-25 09:26,24.5
108,서울,2022-06-25 09:27,24.6
108,서울,2022-06-25 09:28,24.6
108,서울,2022-06-25 09:29,24.6
108,서울,2022-06-25 09:30,24.6
108,서울,2022-06-25 09:31,24.7
108,서울,2022-06-25 09:32,24.7
108,서울,2022-06-25 09:33,24.7
108,서울,2022-06-25 09:34,24.7
108,서울,2022-06-25 09:35,24.8
108,서울,2022-06-25 09:36,24.8
108,서울,2022-06-25 09:37,24.8
108,서울,2022-06-25 09:38,24.8
108,서울,2022-06-25 09:39,24.8
108,서울,2022-06-25 09:40,24.8
108,서울,2022-06-25 09:41,24.8
108,서울,2022-06-25 09:42,24.8
108,서울,2022-06-25 09:43,24.8
108,서울,2022-06-25 09:44,24.8
108,서울,2022-06-25 09:45,24.8
108,서울,2022-06-25 09:46,24.8
108,서울,2022-06-25 09:47,24.8
108,서울,2022-06-25 09:48,24.8
108,서울,2022-06-25 09:49,24.8
108,서울,2022-06-25 09:50,24.8
108,서울,2022-06-25 09:51,24.8
108,서울,2022-06-25 09:52,24.9
108,서울,2022-06-25 09:53,24.9
108,서울,2022-06-25 09:54,24.9
108,서울,2022-06-25 09:55,24.9
108,서울,2022-06-25 09:56,25
108,서울,2022-06-25 09:57,25
108,서울,2022-06-25 09:58,25
108,서울,2022-06-25 09:59,25
108,서울,2022-06-25 10:00,25
108,서울,2022-06-25 10:01,25
108,서울,2022-06-25 10:02,25
108,서울,2022-06-25 10:03,25
108,서울,2022-06-25 10:04,25
108,서울,2022-06-25 10:05,25.1
108,서울,2022-06-25 10:06,25.1
108,서울,2022-06-25 10:07,25.1
108,서울,2022-06-25 10:08,25.1
108,서울,2022-06-25 10:09,25.2
108,서울,2022-06-25 10:10,25.2
108,서울,2022-06-25 10:11,25.2
108,서울,2022-06-25 10:12,25.2
108,서울,2022-06-25 10:13,25.3
108,서울,2022-06-25 10:14,25.3
108,서울,2022-06-25 10:15,25.4
108,서울,2022-06-25 10:16,25.4
108,서울,2022-06-25 10:17,25.4
108,서울,2022-06-25 10:18,25.5
108,서울,2022-06-25 10:19,25.5
108,서울,2022-06-25 10:20,25.5
108,서울,2022-06-25 10:21,25.5
108,서울,2022-06-25 10:22,25.6
108,서울,2022-06-25 10:23,25.6
108,서울,2022-06-25 10:24,25.6
108,서울,2022-06-25 10:25,25.6
108,서울,2022-06-25 10:26,25.7
108,서울,2022-06-25 10:27,25.8
108,서울,2022-06-25 10:28,25.8
108,서울,2022-06-25 10:29,25.8
108,서울,2022-06-25 10:30,25.9
108,서울,2022-06-25 10:31,25.9
108,서울,2022-06-25 10:32,26
108,서울,2022-06-25 10:33,26
108,서울,2022-06-25 10:34,26
108,서울,2022-06-25 10:35,26
108,서울,2022-06-25 10:36,26
108,서울,2022-06-25 10:37,26.1
108,서울,2022-06-25 10:38,26.1
108,서울,2022-06-25 10:39,26.1
108,서울,2022-06-25 10:40,26.2
108,서울,2022-06-25 10:41,26.2
108,서울,2022-06-25 10:42,26.3
108,서울,2022-06-25 10:43,26.3
108,서울,2022-06-25 10:44,26.4
108,서울,2022-06-25 10:45,26.4
108,서울,2022-06-25 10:46,26.4
108,서울,2022-06-25 10:47,26.5
108,서울,2022-06-25 10:48,26.6
108,서울,2022-06-25 10:49,26.6
108,서울,2022-06-25 10:50,26.6
108,서울,2022-06-25 10:51,26.7
108,서울,2022-06-25 10:52,26.8
108,서울,2022-06-25 10:53,26.8
108,서울,2022-06-25 10:54,26.9
108,서울,2022-06-25 10:55,26.9
108,서울,2022-06-25 10:56,27
108,서울,2022-06-25 10:57,27
108,서울,2022-06-25 10:58,27
108,서울,2022-06-25 10:59,27
108,서울,2022-06-25 11:00,27
108,서울,2022-06-25 11:01,27.1
108,서울,2022-06-25 11:02,27.1
108,서울,2022-06-25 11:03,27.2
108,서울,2022-06-25 11:04,27.2
108,서울,2022-06-25 11:05,27.3
108,서울,2022-06-25 11:06,27.3
108,서울,2022-06-25 11:07,27.3
108,서울,2022-06-25 11:08,27.3
108,서울,2022-06-25 11:09,27.3
108,서울,2022-06-25 11:10,27.4
108,서울,2022-06-25 11:11,27.4
108,서울,2022-06-25 11:12,27.5
108,서울,2022-06-25 11:13,27.5
108,서울,2022-06-25 11:14,27.6
108,서울,2022-06-25 11:15,27.6
108,서울,2022-06-25 11:16,27.6
108,서울,2022-06-25 11:17,27.6
108,서울,2022-06-25 11:18,27.6
108,서울,2022-06-25 11:19,27.7
108,서울,2022-06-25 11:20,27.7
108,서울,2022-06-25 11:21,27.7
108,서울,2022-06-25 11:22,27.8
108,서울,2022-06-25 11:23,27.7
108,서울,2022-06-25 11:24,27.7
108,서울,2022-06-25 11:25,27.8
108,서울,2022-06-25 11:26,27.9
108,서울,2022-06-25 11:27,27.9
108,서울,2022-06-25 11:28,27.9
108,서울,2022-06-25 11:29,27.9
108,서울,2022-06-25 11:30,27.9
108,서울,2022-06-25 11:31,27.9
108,서울,2022-06-25 11:32,28
108,서울,2022-06-25 11:33,28
108,서울,2022-06-25 11:34,28
108,서울,2022-06-25 11:35,28.1
108,서울,2022-06-25 11:36,28.1
108,서울,2022-06-25 11:37,28.1
108,서울,2022-06-25 11:38,28.2
108,서울,2022-06-25 11:39,28.3
108,서울,2022-06-25 11:40,28.4
108,서울,2022-06-25 11:41,28.4
108,서울,2022-06-25 11:42,28.4
108,서울,2022-06-25 11:43,28.4
108,서울,2022-06-25 11:44,28.5
108,서울,2022-06-25 11:45,28.5
108,서울,2022-06-25 11:46,28.5
108,서울,2022-06-25 11:47,28.4
108,서울,2022-06-25 11:48,28.4
108,서울,2022-06-25 11:49,28.4
108,서울,2022-06-25 11:50,28.4
108,서울,2022-06-25 11:51,28.4
108,서울,2022-06-25 11:52,28.5
108,서울,2022-06-25 11:53,28.5
108,서울,2022-06-25 11:54,28.6
108,서울,2022-06-25 11:55,28.6
108,서울,2022-06-25 11:56,28.7
108,서울,2022-06-25 11:57,28.7
108,서울,2022-06-25 11:58,28.7
108,서울,2022-06-25 11:59,28.8
108,서울,2022-06-25 12:00,28.8
108,서울,2022-06-25 12:01,28.8
108,서울,2022-06-25 12:02,28.8
108,서울,2022-06-25 12:03,28.8
108,서울,2022-06-25 12:04,28.8
108,서울,2022-06-25 12:05,28.8
108,서울,2022-06-25 12:06,28.8
108,서울,2022-06-25 12:07,28.8
108,서울,2022-06-25 12:08,28.9
108,서울,2022-06-25 12:09,28.9
108,서울,2022-06-25 12:10,29
108,서울,2022-06-25 12:11,29
108,서울,2022-06-25 12:12,29
108,서울,2022-06-25 12:13,29
108,서울,2022-06-25 12:14,29
108,서울,2022-06-25 12:15,29
108,서울,2022-06-25 12:16,29.1
108,서울,2022-06-25 12:17,29.1
108,서울,2022-06-25 12:18,29.1
108,서울,2022-06-25 12:19,29.2
108,서울,2022-06-25 12:20,29.2
108,서울,2022-06-25 12:21,29.2
108,서울,2022-06-25 12:22,29.2
108,서울,2022-06-25 12:23,29.2
108,서울,2022-06-25 12:24,29.3
108,서울,2022-06-25 12:25,29.3
108,서울,2022-06-25 12:26,29.4
108,서울,2022-06-25 12:27,29.4
108,서울,2022-06-25 12:28,29.4
108,서울,2022-06-25 12:29,29.5
108,서울,2022-06-25 12:30,29.6
108,서울,2022-06-25 12:31,29.6
108,서울,2022-06-25 12:32,29.6
108,서울,2022-06-25 12:33,29.6
108,서울,2022-06-25 12:34,29.6
108,서울,2022-06-25 12:35,29.6
108,서울,2022-06-25 12:36,29.6
108,서울,2022-06-25 12:37,29.6
108,서울,2022-06-25 12:38,29.6
108,서울,2022-06-25 12:39,29.6
108,서울,2022-06-25 12:40,29.6
108,서울,2022-06-25 12:41,29.6
108,서울,2022-06-25 12:42,29.6
108,서울,2022-06-25 12:43,29.6
108,서울,2022-06-25 12:44,29.6
108,서울,2022-06-25 12:45,29.6
108,서울,2022-06-25 12:46,29.6
108,서울,2022-06-25 12:47,29.6
108,서울,2022-06-25 12:48,29.6
108,서울,2022-06-25 12:49,29.6
108,서울,2022-06-25 12:50,29.6
108,서울,2022-06-25 12:51,29.7
108,서울,2022-06-25 12:52,29.8
108,서울,2022-06-25 12:53,29.8
108,서울,2022-06-25 12:54,29.8
108,서울,2022-06-25 12:55,29.9
108,서울,2022-06-25 12:56,29.8
108,서울,2022-06-25 12:57,29.8
108,서울,2022-06-25 12:58,29.8
108,서울,2022-06-25 12:59,29.8
108,서울,2022-06-25 13:00,29.8
108,서울,2022-06-25 13:01,29.8
108,서울,2022-06-25 13:02,29.8
108,서울,2022-06-25 13:03,29.9
108,서울,2022-06-25 13:04,29.9
108,서울,2022-06-25 13:05,30
108,서울,2022-06-25 13:06,30
108,서울,2022-06-25 13:07,30
108,서울,2022-06-25 13:08,30
108,서울,2022-06-25 13:09,30.1
108,서울,2022-06-25 13:10,30.1
108,서울,2022-06-25 13:11,30.2
108,서울,2022-06-25 13:12,30.2
108,서울,2022-06-25 13:13,30.3
108,서울,2022-06-25 13:14,30.3
108,서울,2022-06-25 13:15,30.3
108,서울,2022-06-25 13:16,30.3
108,서울,2022-06-25 13:17,30.3
108,서울,2022-06-25 13:18,30.3
108,서울,2022-06-25 13:19,30.2
108,서울,2022-06-25 13:20,30.2
108,서울,2022-06-25 13:21,30.2
108,서울,2022-06-25 13:22,30.3
108,서울,2022-06-25 13:23,30.3
108,서울,2022-06-25 13:24,30.3
108,서울,2022-06-25 13:25,30.2
108,서울,2022-06-25 13:26,30.2
108,서울,2022-06-25 13:27,30.2
108,서울,2022-06-25 13:28,30.3
108,서울,2022-06-25 13:29,30.3
108,서울,2022-06-25 13:30,30.3
108,서울,2022-06-25 13:31,30.3
108,서울,2022-06-25 13:32,30.3
108,서울,2022-06-25 13:33,30.2
108,서울,2022-06-25 13:34,30.2
108,서울,2022-06-25 13:35,30.2
108,서울,2022-06-25 13:36,30.2
108,서울,2022-06-25 13:37,30.2
108,서울,2022-06-25 13:38,30.2
108,서울,2022-06-25 13:39,30.2
108,서울,2022-06-25 13:40,30.3
108,서울,2022-06-25 13:41,30.3
108,서울,2022-06-25 13:42,30.4
108,서울,2022-06-25 13:43,30.4
108,서울,2022-06-25 13:44,30.3
108,서울,2022-06-25 13:45,30.3
108,서울,2022-06-25 13:46,30.3
108,서울,2022-06-25 13:47,30.3
108,서울,2022-06-25 13:48,30.3
108,서울,2022-06-25 13:49,30.3
108,서울,2022-06-25 13:50,30.4
108,서울,2022-06-25 13:51,30.4
108,서울,2022-06-25 13:52,30.3
108,서울,2022-06-25 13:53,30.3
108,서울,2022-06-25 13:54,30.2
108,서울,2022-06-25 13:55,30.2
108,서울,2022-06-25 13:56,30.2
108,서울,2022-06-25 13:57,30.2
108,서울,2022-06-25 13:58,30.3
108,서울,2022-06-25 13:59,30.3
108,서울,2022-06-25 14:00,30.3
108,서울,2022-06-25 14:01,30.2
108,서울,2022-06-25 14:02,30.2
108,서울,2022-06-25 14:03,30.2
108,서울,2022-06-25 14:04,30.2
108,서울,2022-06-25 14:05,30.2
108,서울,2022-06-25 14:06,30.2
108,서울,2022-06-25 14:07,30.3
108,서울,2022-06-25 14:08,30.3
108,서울,2022-06-25 14:09,30.3
108,서울,2022-06-25 14:10,30.3
108,서울,2022-06-25 14:11,30.3
108,서울,2022-06-25 14:12,30.3
108,서울,2022-06-25 14:13,30.3
108,서울,2022-06-25 14:14,30.3
108,서울,2022-06-25 14:15,30.3
108,서울,2022-06-25 14:16,30.3
108,서울,2022-06-25 14:17,30.3
108,서울,2022-06-25 14:18,30.3
108,서울,2022-06-25 14:19,30.3
108,서울,2022-06-25 14:20,30.3
108,서울,2022-06-25 14:21,30.3
108,서울,2022-06-25 14:22,30.3
108,서울,2022-06-25 14:23,30.4
108,서울,2022-06-25 14:24,30.3
108,서울,2022-06-25 14:25,30.3
108,서울,2022-06-25 14:26,30.3
108,서울,2022-06-25 14:27,30.3
108,서울,2022-06-25 14:28,30.3
108,서울,2022-06-25 14:29,30.3
108,서울,2022-06-25 14:30,30.4
108,서울,2022-06-25 14:31,30.4
108,서울,2022-06-25 14:32,30.3
108,서울,2022-06-25 14:33,30.3
108,서울,2022-06-25 14:34,30.3
108,서울,2022-06-25 14:35,30.2
108,서울,2022-06-25 14:36,30.3
108,서울,2022-06-25 14:37,30.3
108,서울,2022-06-25 14:38,30.3
108,서울,2022-06-25 14:39,30.3
108,서울,2022-06-25 14:40,30.3
108,서울,2022-06-25 14:41,30.3
108,서울,2022-06-25 14:42,30.3
108,서울,2022-06-25 14:43,30.3
108,서울,2022-06-25 14:44,30.3
108,서울,2022-06-25 14:45,30.3
108,서울,2022-06-25 14:46,30.3
108,서울,2022-06-25 14:47,30.3
108,서울,2022-06-25 14:48,30.2
108,서울,2022-06-25 14:49,30.2
108,서울,2022-06-25 14:50,30.2
108,서울,2022-06-25 14:51,30.2
108,서울,2022-06-25 14:52,30.2
108,서울,2022-06-25 14:53,30.3
108,서울,2022-06-25 14:54,30.4
108,서울,2022-06-25 14:55,30.4
108,서울,2022-06-25 14:56,30.4
108,서울,2022-06-25 14:57,30.4
108,서울,2022-06-25 14:58,30.3
108,서울,2022-06-25 14:59,30.2
108,서울,2022-06-25 15:00,30.2
108,서울,2022-06-25 15:01,30.1
108,서울,2022-06-25 15:02,30.1
108,서울,2022-06-25 15:03,30.1
108,서울,2022-06-25 15:04,30.1
108,서울,2022-06-25 15:05,30.1
108,서울,2022-06-25 15:06,30.1
108,서울,2022-06-25 15:07,30.2
108,서울,2022-06-25 15:08,30.3
108,서울,2022-06-25 15:09,30.3
108,서울,2022-06-25 15:10,30.3
108,서울,2022-06-25 15:11,30.4
108,서울,2022-06-25 15:12,30.5
108,서울,2022-06-25 15:13,30.5
108,서울,2022-06-25 15:14,30.4
108,서울,2022-06-25 15:15,30.3
108,서울,2022-06-25 15:16,30.3
108,서울,2022-06-25 15:17,30.3
108,서울,2022-06-25 15:18,30.3
108,서울,2022-06-25 15:19,30.3
108,서울,2022-06-25 15:20,30.3
108,서울,2022-06-25 15:21,30.3
108,서울,2022-06-25 15:22,30.3
108,서울,2022-06-25 15:23,30.3
108,서울,2022-06-25 15:24,30.3
108,서울,2022-06-25 15:25,30.3
108,서울,2022-06-25 15:26,30.2
108,서울,2022-06-25 15:27,30.2
108,서울,2022-06-25 15:28,30.2
108,서울,2022-06-25 15:29,30.2
108,서울,2022-06-25 15:30,30.2
108,서울,2022-06-25 15:31,30.2
108,서울,2022-06-25 15:32,30.3
108,서울,2022-06-25 15:33,30.3
108,서울,2022-06-25 15:34,30.3
108,서울,2022-06-25 15:35,30.3
108,서울,2022-06-25 15:36,30.3
108,서울,2022-06-25 15:37,30.3
108,서울,2022-06-25 15:38,30.3
108,서울,2022-06-25 15:39,30.2
108,서울,2022-06-25 15:40,30.1
108,서울,2022-06-25 15:41,30.1
108,서울,2022-06-25 15:42,30.1
108,서울,2022-06-25 15:43,30.1
108,서울,2022-06-25 15:44,30
108,서울,2022-06-25 15:45,30
108,서울,2022-06-25 15:46,30
108,서울,2022-06-25 15:47,29.9
108,서울,2022-06-25 15:48,29.9
108,서울,2022-06-25 15:49,29.8
108,서울,2022-06-25 15:50,29.8
108,서울,2022-06-25 15:51,29.7
108,서울,2022-06-25 15:52,29.7
108,서울,2022-06-25 15:53,29.7
108,서울,2022-06-25 15:54,29.7
108,서울,2022-06-25 15:55,29.7
108,서울,2022-06-25 15:56,29.7
108,서울,2022-06-25 15:57,29.7
108,서울,2022-06-25 15:58,29.7
108,서울,2022-06-25 15:59,29.7
108,서울,2022-06-25 16:00,29.7
108,서울,2022-06-25 16:01,29.7
108,서울,2022-06-25 16:02,29.7
108,서울,2022-06-25 16:03,29.7
108,서울,2022-06-25 16:04,29.7
108,서울,2022-06-25 16:05,29.6
108,서울,2022-06-25 16:06,29.6
108,서울,2022-06-25 16:07,29.6
108,서울,2022-06-25 16:08,29.6
108,서울,2022-06-25 16:09,29.5
108,서울,2022-06-25 16:10,29.5
108,서울,2022-06-25 16:11,29.5
108,서울,2022-06-25 16:12,29.5
108,서울,2022-06-25 16:13,29.4
108,서울,2022-06-25 16:14,29.4
108,서울,2022-06-25 16:15,29.4
108,서울,2022-06-25 16:16,29.5
108,서울,2022-06-25 16:17,29.5
108,서울,2022-06-25 16:18,29.5
108,서울,2022-06-25 16:19,29.5
108,서울,2022-06-25 16:20,29.5
108,서울,2022-06-25 16:21,29.5
108,서울,2022-06-25 16:22,29.5
108,서울,2022-06-25 16:23,29.5
108,서울,2022-06-25 16:24,29.5
108,서울,2022-06-25 16:25,29.5
108,서울,2022-06-25 16:26,29.5
108,서울,2022-06-25 16:27,29.5
108,서울,2022-06-25 16:28,29.5
108,서울,2022-06-25 16:29,29.5
108,서울,2022-06-25 16:30,29.5
108,서울,2022-06-25 16:31,29.5
108,서울,2022-06-25 16:32,29.5
108,서울,2022-06-25 16:33,29.5
108,서울,2022-06-25 16:34,29.5
108,서울,2022-06-25 16:35,29.5
108,서울,2022-06-25 16:36,29.5
108,서울,2022-06-25 16:37,29.5
108,서울,2022-06-25 16:38,29.5
108,서울,2022-06-25 16:39,29.5
108,서울,2022-06-25 16:40,29.5
108,서울,2022-06-25 16:41,29.5
108,서울,2022-06-25 16:42,29.5
108,서울,2022-06-25 16:43,29.6
108,서울,2022-06-25 16:44,29.6
108,서울,2022-06-25 16:45,29.6
108,서울,2022-06-25 16:46,29.6
108,서울,2022-06-25 16:47,29.6
108,서울,2022-06-25 16:48,29.6
108,서울,2022-06-25 16:49,29.6
108,서울,2022-06-25 16:50,29.6
108,서울,2022-06-25 16:51,29.6
108,서울,2022-06-25 16:52,29.6
108,서울,2022-06-25 16:53,29.6
108,서울,2022-06-25 16:54,29.6
108,서울,2022-06-25 16:55,29.6
108,서울,2022-06-25 16:56,29.6
108,서울,2022-06-25 16:57,29.6
108,서울,2022-06-25 16:58,29.6
108,서울,2022-06-25 16:59,29.6
108,서울,2022-06-25 17:00,29.6
108,서울,2022-06-25 17:01,29.6
108,서울,2022-06-25 17:02,29.6
108,서울,2022-06-25 17:03,29.6
108,서울,2022-06-25 17:04,29.6
108,서울,2022-06-25 17:05,29.6
108,서울,2022-06-25 17:06,29.6
108,서울,2022-06-25 17:07,29.5
108,서울,2022-06-25 17:08,29.5
108,서울,2022-06-25 17:09,29.5
108,서울,2022-06-25 17:10,29.5
108,서울,2022-06-25 17:11,29.5
108,서울,2022-06-25 17:12,29.5
108,서울,2022-06-25 17:13,29.5
108,서울,2022-06-25 17:14,29.5
108,서울,2022-06-25 17:15,29.5
108,서울,2022-06-25 17:16,29.5
108,서울,2022-06-25 17:17,29.5
108,서울,2022-06-25 17:18,29.5
108,서울,2022-06-25 17:19,29.6
108,서울,2022-06-25 17:20,29.6
108,서울,2022-06-25 17:21,29.6
108,서울,2022-06-25 17:22,29.6
108,서울,2022-06-25 17:23,29.7
108,서울,2022-06-25 17:24,29.7
108,서울,2022-06-25 17:25,29.7
108,서울,2022-06-25 17:26,29.7
108,서울,2022-06-25 17:27,29.7
108,서울,2022-06-25 17:28,29.7
108,서울,2022-06-25 17:29,29.7
108,서울,2022-06-25 17:30,29.7
108,서울,2022-06-25 17:31,29.7
108,서울,2022-06-25 17:32,29.7
108,서울,2022-06-25 17:33,29.6
108,서울,2022-06-25 17:34,29.6
108,서울,2022-06-25 17:35,29.6
108,서울,2022-06-25 17:36,29.5
108,서울,2022-06-25 17:37,29.5
108,서울,2022-06-25 17:38,29.4
108,서울,2022-06-25 17:39,29.4
108,서울,2022-06-25 17:40,29.4
108,서울,2022-06-25 17:41,29.4
108,서울,2022-06-25 17:42,29.3
108,서울,2022-06-25 17:43,29.3
108,서울,2022-06-25 17:44,29.3
108,서울,2022-06-25 17:45,29.3
108,서울,2022-06-25 17:46,29.2
108,서울,2022-06-25 17:47,29.2
108,서울,2022-06-25 17:48,29.2
108,서울,2022-06-25 17:49,29.2
108,서울,2022-06-25 17:50,29.2
108,서울,2022-06-25 17:51,29.2
108,서울,2022-06-25 17:52,29.2
108,서울,2022-06-25 17:53,29.2
108,서울,2022-06-25 17:54,29.2
108,서울,2022-06-25 17:55,29.1
108,서울,2022-06-25 17:56,29.1
108,서울,2022-06-25 17:57,29.1
108,서울,2022-06-25 17:58,29.1
108,서울,2022-06-25 17:59,29
108,서울,2022-06-25 18:00,29
108,서울,2022-06-25 18:01,29
108,서울,2022-06-25 18:02,29
108,서울,2022-06-25 18:03,29
108,서울,2022-06-25 18:04,29
108,서울,2022-06-25 18:05,28.9
108,서울,2022-06-25 18:06,28.9
108,서울,2022-06-25 18:07,28.9
108,서울,2022-06-25 18:08,28.9
108,서울,2022-06-25 18:09,28.9
108,서울,2022-06-25 18:10,28.9
108,서울,2022-06-25 18:11,28.9
108,서울,2022-06-25 18:12,28.9
108,서울,2022-06-25 18:13,28.8
108,서울,2022-06-25 18:14,28.8
108,서울,2022-06-25 18:15,28.8
108,서울,2022-06-25 18:16,28.8
108,서울,2022-06-25 18:17,28.7
108,서울,2022-06-25 18:18,28.7
108,서울,2022-06-25 18:19,28.7
108,서울,2022-06-25 18:20,28.7
108,서울,2022-06-25 18:21,28.7
108,서울,2022-06-25 18:22,28.6
108,서울,2022-06-25 18:23,28.6
108,서울,2022-06-25 18:24,28.6
108,서울,2022-06-25 18:25,28.6
108,서울,2022-06-25 18:26,28.6
108,서울,2022-06-25 18:27,28.6
108,서울,2022-06-25 18:28,28.6
108,서울,2022-06-25 18:29,28.6
108,서울,2022-06-25 18:30,28.6
108,서울,2022-06-25 18:31,28.6
108,서울,2022-06-25 18:32,28.6
108,서울,2022-06-25 18:33,28.6
108,서울,2022-06-25 18:34,28.6
108,서울,2022-06-25 18:35,28.5
108,서울,2022-06-25 18:36,28.5
108,서울,2022-06-25 18:37,28.5
108,서울,2022-06-25 18:38,28.5
108,서울,2022-06-25 18:39,28.5
108,서울,2022-06-25 18:40,28.5
108,서울,2022-06-25 18:41,28.5
108,서울,2022-06-25 18:42,28.5
108,서울,2022-06-25 18:43,28.5
108,서울,2022-06-25 18:44,28.5
108,서울,2022-06-25 18:45,28.4
108,서울,2022-06-25 18:46,28.4
108,서울,2022-06-25 18:47,28.4
108,서울,2022-06-25 18:48,28.4
108,서울,2022-06-25 18:49,28.4
108,서울,2022-06-25 18:50,28.3
108,서울,2022-06-25 18:51,28.3
108,서울,2022-06-25 18:52,28.3
108,서울,2022-06-25 18:53,28.3
108,서울,2022-06-25 18:54,28.2
108,서울,2022-06-25 18:55,28.2
108,서울,2022-06-25 18:56,28.2
108,서울,2022-06-25 18:57,28.2
108,서울,2022-06-25 18:58,28.2
108,서울,2022-06-25 18:59,28.1
108,서울,2022-06-25 19:00,28.1
108,서울,2022-06-25 19:01,28.1
108,서울,2022-06-25 19:02,28.1
108,서울,2022-06-25 19:03,28.1
108,서울,2022-06-25 19:04,28
108,서울,2022-06-25 19:05,28
108,서울,2022-06-25 19:06,28
108,서울,2022-06-25 19:07,28
108,서울,2022-06-25 19:08,28
108,서울,2022-06-25 19:09,28
108,서울,2022-06-25 19:10,28
108,서울,2022-06-25 19:11,27.9
108,서울,2022-06-25 19:12,27.9
108,서울,2022-06-25 19:13,27.9
108,서울,2022-06-25 19:14,27.9
108,서울,2022-06-25 19:15,27.9
108,서울,2022-06-25 19:16,27.9
108,서울,2022-06-25 19:17,27.8
108,서울,2022-06-25 19:18,27.8
108,서울,2022-06-25 19:19,27.8
108,서울,2022-06-25 19:20,27.8
108,서울,2022-06-25 19:21,27.8
108,서울,2022-06-25 19:22,27.8
108,서울,2022-06-25 19:23,27.8
108,서울,2022-06-25 19:24,27.8
108,서울,2022-06-25 19:25,27.8
108,서울,2022-06-25 19:26,27.8
108,서울,2022-06-25 19:27,27.7
108,서울,2022-06-25 19:28,27.7
108,서울,2022-06-25 19:29,27.7
108,서울,2022-06-25 19:30,27.7
108,서울,2022-06-25 19:31,27.7
108,서울,2022-06-25 19:32,27.7
108,서울,2022-06-25 19:33,27.7
108,서울,2022-06-25 19:34,27.7
108,서울,2022-06-25 19:35,27.7
108,서울,2022-06-25 19:36,27.7
108,서울,2022-06-25 19:37,27.7
108,서울,2022-06-25 19:38,27.7
108,서울,2022-06-25 19:39,27.7
108,서울,2022-06-25 19:40,27.7
108,서울,2022-06-25 19:41,27.7
108,서울,2022-06-25 19:42,27.7
108,서울,2022-06-25 19:43,27.7
108,서울,2022-06-25 19:44,27.6
108,서울,2022-06-25 19:45,27.6
108,서울,2022-06-25 19:46,27.6
108,서울,2022-06-25 19:47,27.6
108,서울,2022-06-25 19:48,27.6
108,서울,2022-06-25 19:49,27.6
108,서울,2022-06-25 19:50,27.6
108,서울,2022-06-25 19:51,27.5
108,서울,2022-06-25 19:52,27.5
108,서울,2022-06-25 19:53,27.5
108,서울,2022-06-25 19:54,27.5
108,서울,2022-06-25 19:55,27.5
108,서울,2022-06-25 19:56,27.5
108,서울,2022-06-25 19:57,27.4
108,서울,2022-06-25 19:58,27.4
108,서울,2022-06-25 19:59,27.4
108,서울,2022-06-25 20:00,27.4
108,서울,2022-06-25 20:01,27.4
108,서울,2022-06-25 20:02,27.3
108,서울,2022-06-25 20:03,27.3
108,서울,2022-06-25 20:04,27.3
108,서울,2022-06-25 20:05,27.3
108,서울,2022-06-25 20:06,27.3
108,서울,2022-06-25 20:07,27.3
108,서울,2022-06-25 20:08,27.2
108,서울,2022-06-25 20:09,27.2
108,서울,2022-06-25 20:10,27.2
108,서울,2022-06-25 20:11,27.2
108,서울,2022-06-25 20:12,27.2
108,서울,2022-06-25 20:13,27.2
108,서울,2022-06-25 20:14,27.2
108,서울,2022-06-25 20:15,27.2
108,서울,2022-06-25 20:16,27.1
108,서울,2022-06-25 20:17,27.1
108,서울,2022-06-25 20:18,27.1
108,서울,2022-06-25 20:19,27.1
108,서울,2022-06-25 20:20,27.1
108,서울,2022-06-25 20:21,27.1
108,서울,2022-06-25 20:22,27.1
108,서울,2022-06-25 20:23,27
108,서울,2022-06-25 20:24,27
108,서울,2022-06-25 20:25,27
108,서울,2022-06-25 20:26,27
108,서울,2022-06-25 20:27,27
108,서울,2022-06-25 20:28,27
108,서울,2022-06-25 20:29,26.9
108,서울,2022-06-25 20:30,26.9
108,서울,2022-06-25 20:31,26.9
108,서울,2022-06-25 20:32,26.9
108,서울,2022-06-25 20:33,26.9
108,서울,2022-06-25 20:34,26.9
108,서울,2022-06-25 20:35,26.9
108,서울,2022-06-25 20:36,26.9
108,서울,2022-06-25 20:37,26.9
108,서울,2022-06-25 20:38,26.8
108,서울,2022-06-25 20:39,26.8
108,서울,2022-06-25 20:40,26.8
108,서울,2022-06-25 20:41,26.8
108,서울,2022-06-25 20:42,26.8
108,서울,2022-06-25 20:43,26.7
108,서울,2022-06-25 20:44,26.7
108,서울,2022-06-25 20:45,26.7
108,서울,2022-06-25 20:46,26.7
108,서울,2022-06-25 20:47,26.7
108,서울,2022-06-25 20:48,26.7
108,서울,2022-06-25 20:49,26.7
108,서울,2022-06-25 20:50,26.7
108,서울,2022-06-25 20:51,26.7
108,서울,2022-06-25 20:52,26.6
108,서울,2022-06-25 20:53,26.6
108,서울,2022-06-25 20:54,26.6
108,서울,2022-06-25 20:55,26.6
108,서울,2022-06-25 20:56,26.6
108,서울,2022-06-25 20:57,26.6
108,서울,2022-06-25 20:58,26.6
108,서울,2022-06-25 20:59,26.6
108,서울,2022-06-25 21:00,26.6
108,서울,2022-06-25 21:01,26.6
108,서울,2022-06-25 21:02,26.6
108,서울,2022-06-25 21:03,26.6
108,서울,2022-06-25 21:04,26.6
108,서울,2022-06-25 21:05,26.6
108,서울,2022-06-25 21:06,26.6
108,서울,2022-06-25 21:07,26.6
108,서울,2022-06-25 21:08,26.6
108,서울,2022-06-25 21:09,26.6
108,서울,2022-06-25 21:10,26.6
108,서울,2022-06-25 21:11,26.6
108,서울,2022-06-25 21:12,26.6
108,서울,2022-06-25 21:13,26.6
108,서울,2022-06-25 21:14,26.6
108,서울,2022-06-25 21:15,26.6
108,서울,2022-06-25 21:16,26.5
108,서울,2022-06-25 21:17,26.5
108,서울,2022-06-25 21:18,26.5
108,서울,2022-06-25 21:19,26.5
108,서울,2022-06-25 21:20,26.5
108,서울,2022-06-25 21:21,26.5
108,서울,2022-06-25 21:22,26.5
108,서울,2022-06-25 21:23,26.5
108,서울,2022-06-25 21:24,26.5
108,서울,2022-06-25 21:25,26.5
108,서울,2022-06-25 21:26,26.5
108,서울,2022-06-25 21:27,26.5
108,서울,2022-06-25 21:28,26.5
108,서울,2022-06-25 21:29,26.5
108,서울,2022-06-25 21:30,26.5
108,서울,2022-06-25 21:31,26.5
108,서울,2022-06-25 21:32,26.4
108,서울,2022-06-25 21:33,26.4
108,서울,2022-06-25 21:34,26.4
108,서울,2022-06-25 21:35,26.4
108,서울,2022-06-25 21:36,26.4
108,서울,2022-06-25 21:37,26.4
108,서울,2022-06-25 21:38,26.4
108,서울,2022-06-25 21:39,26.4
108,서울,2022-06-25 21:40,26.4
108,서울,2022-06-25 21:41,26.4
108,서울,2022-06-25 21:42,26.4
108,서울,2022-06-25 21:43,26.3
108,서울,2022-06-25 21:44,26.3
108,서울,2022-06-25 21:45,26.3
108,서울,2022-06-25 21:46,26.3
108,서울,2022-06-25 21:47,26.3
108,서울,2022-06-25 21:48,26.3
108,서울,2022-06-25 21:49,26.3
108,서울,2022-06-25 21:50,26.3
108,서울,2022-06-25 21:51,26.3
108,서울,2022-06-25 21:52,26.3
108,서울,2022-06-25 21:53,26.3
108,서울,2022-06-25 21:54,26.3
108,서울,2022-06-25 21:55,26.3
108,서울,2022-06-25 21:56,26.3
108,서울,2022-06-25 21:57,26.3
108,서울,2022-06-25 21:58,26.3
108,서울,2022-06-25 21:59,26.3
108,서울,2022-06-25 22:00,26.3
108,서울,2022-06-25 22:01,26.3
108,서울,2022-06-25 22:02,26.3
108,서울,2022-06-25 22:03,26.3
108,서울,2022-06-25 22:04,26.3
108,서울,2022-06-25 22:05,26.3
108,서울,2022-06-25 22:06,26.3
108,서울,2022-06-25 22:07,26.2
108,서울,2022-06-25 22:08,26.2
108,서울,2022-06-25 22:09,26.2
108,서울,2022-06-25 22:10,26.2
108,서울,2022-06-25 22:11,26.2
108,서울,2022-06-25 22:12,26.2
108,서울,2022-06-25 22:13,26.2
108,서울,2022-06-25 22:14,26.2
108,서울,2022-06-25 22:15,26.2
108,서울,2022-06-25 22:16,26.2
108,서울,2022-06-25 22:17,26.2
108,서울,2022-06-25 22:18,26.2
108,서울,2022-06-25 22:19,26.2
108,서울,2022-06-25 22:20,26.2
108,서울,2022-06-25 22:21,26.2
108,서울,2022-06-25 22:22,26.2
108,서울,2022-06-25 22:23,26.2
108,서울,2022-06-25 22:24,26.2
108,서울,2022-06-25 22:25,26.1
108,서울,2022-06-25 22:26,26.2
108,서울,2022-06-25 22:27,26.1
108,서울,2022-06-25 22:28,26.1
108,서울,2022-06-25 22:29,26.1
108,서울,2022-06-25 22:30,26.1
108,서울,2022-06-25 22:31,26.1
108,서울,2022-06-25 22:32,26.1
108,서울,2022-06-25 22:33,26.1
108,서울,2022-06-25 22:34,26.1
108,서울,2022-06-25 22:35,26.1
108,서울,2022-06-25 22:36,26.2
108,서울,2022-06-25 22:37,26.2
108,서울,2022-06-25 22:38,26.2
108,서울,2022-06-25 22:39,26.1
108,서울,2022-06-25 22:40,26.1
108,서울,2022-06-25 22:41,26.1
108,서울,2022-06-25 22:42,26.1
108,서울,2022-06-25 22:43,26.1
108,서울,2022-06-25 22:44,26.1
108,서울,2022-06-25 22:45,26.1
108,서울,2022-06-25 22:46,26.2
108,서울,2022-06-25 22:47,26.2
108,서울,2022-06-25 22:48,26.1
108,서울,2022-06-25 22:49,26.1
108,서울,2022-06-25 22:50,26.1
108,서울,2022-06-25 22:51,26.1
108,서울,2022-06-25 22:52,26.1
108,서울,2022-06-25 22:53,26.1
108,서울,2022-06-25 22:54,26.1
108,서울,2022-06-25 22:55,26.1
108,서울,2022-06-25 22:56,26.1
108,서울,2022-06-25 22:57,26.1
108,서울,2022-06-25 22:58,26.1
108,서울,2022-06-25 22:59,26.1
108,서울,2022-06-25 23:00,26.1
108,서울,2022-06-25 23:01,26.1
108,서울,2022-06-25 23:02,26.1
108,서울,2022-06-25 23:03,26.1
108,서울,2022-06-25 23:04,26.1
108,서울,2022-06-25 23:05,26.1
108,서울,2022-06-25 23:06,26
108,서울,2022-06-25 23:07,26
108,서울,2022-06-25 23:08,26
108,서울,2022-06-25 23:09,26
108,서울,2022-06-25 23:10,26
108,서울,2022-06-25 23:11,26
108,서울,2022-06-25 23:12,26
108,서울,2022-06-25 23:13,26
108,서울,2022-06-25 23:14,26
108,서울,2022-06-25 23:15,26
108,서울,2022-06-25 23:16,25.9
108,서울,2022-06-25 23:17,25.9
108,서울,2022-06-25 23:18,25.9
108,서울,2022-06-25 23:19,25.9
108,서울,2022-06-25 23:20,25.9
108,서울,2022-06-25 23:21,25.9
108,서울,2022-06-25 23:22,25.9
108,서울,2022-06-25 23:23,25.9
108,서울,2022-06-25 23:24,25.9
108,서울,2022-06-25 23:25,25.9
108,서울,2022-06-25 23:26,25.9
108,서울,2022-06-25 23:27,25.9
108,서울,2022-06-25 23:28,25.9
108,서울,2022-06-25 23:29,25.9
108,서울,2022-06-25 23:30,25.9
108,서울,2022-06-25 23:31,25.9
108,서울,2022-06-25 23:32,25.9
108,서울,2022-06-25 23:33,25.9
108,서울,2022-06-25 23:34,25.9
108,서울,2022-06-25 23:35,25.9
108,서울,2022-06-25 23:36,25.8
108,서울,2022-06-25 23:37,25.8
108,서울,2022-06-25 23:38,25.8
108,서울,2022-06-25 23:39,25.8
108,서울,2022-06-25 23:40,25.8
108,서울,2022-06-25 23:41,25.8
108,서울,2022-06-25 23:42,25.8
108,서울,2022-06-25 23:43,25.8
108,서울,2022-06-25 23:44,25.8
108,서울,2022-06-25 23:45,25.8
108,서울,2022-06-25 23:46,25.8
108,서울,2022-06-25 23:47,25.8
108,서울,2022-06-25 23:48,25.8
108,서울,2022-06-25 23:49,25.8
108,서울,2022-06-25 23:50,25.8
108,서울,2022-06-25 23:51,25.8
108,서울,2022-06-25 23:52,25.7
108,서울,2022-06-25 23:53,25.7
108,서울,2022-06-25 23:54,25.7
108,서울,2022-06-25 23:55,25.7
108,서울,2022-06-25 23:56,25.7
108,서울,2022-06-25 23:57,25.7
108,서울,2022-06-25 23:58,25.7
108,서울,2022-06-25 23:59,25.7
108,서울,2022-06-26 00:00,25.7
